Date,Event,Category,Sub-category,Location,Key actors,What happened?,Why does it matter?,Risk direction,Impact level,Source,Source type
17/09/2026,US tariff measures linked to Russian oil purchases,Geopolitical & Security,India-US relations / Trade / Energy security,India / United States,Government of India; United States government,India said new US tariff measures targeting countries purchasing Russian oil could affect bilateral relations and stated that it would protect its energy security.,"The development links India's relations with the United States, Russian energy imports, trade exposure and energy security.",Increasing,4 High,News/Reuters article,News/Reuters article
25/09/2026,Nationwide protests over voter-roll changes,Social & Civil Unrest,Electoral process / Public protests,India,Election Commission of India; Congress party; protesters; police,Police used tear gas and water cannons to disperse opposition protesters during nationwide demonstrations demanding the resignation of the Chief Election Commissioner over allegations of voter-roll manipulation.,The protests and police response indicate increased public and political contestation around the electoral-roll verification process and the Election Commission.,Increasing,4 High,News/Reuters article,News/Reuters article
09/09/2026,India-China military talks amid tensions in Arunachal Pradesh,Geopolitical & Security,India-China relations / Border security,Arunachal Pradesh India,Indian Army; Chinese military; Ministry of External Affairs,India and China held senior military commander-level talks in the eastern sector on September 6 and 7 amid continuing tensions in the Taksing area of Arunachal Pradesh.,"The talks concern military communication and management of tensions along the India-China border, an area with implications for border security and bilateral relations.",Increasing,4 High,News / Indian Express,Indian Express
24/09/2026,Government considers review of GST on UPI merchant fees,Economic & Regulatory,GST / Digital payments,India,Government of India; GST Council; retailers; banking and trader associations,The government said it hoped the GST Council would review the 18% tax applied to merchant discount rates for UPI transactions after concerns about new fees on large merchant payments.,"The issue connects tax policy, digital payments, merchant costs and consumer pricing, while the government considers how to maintain acceptance of UPI.",Stable,1 Minimal,Reuters,News / Reuters
16/09/2026,India and Pakistan exchange protests after naval collision,Geopolitical & Security,India-Pakistan relations / Maritime security,Arabian Sea / International waters,Indian Navy; Pakistan Navy; Government of India; Government of Pakistan,India and Pakistan summoned each other's diplomats after an Indian and Pakistani naval vessel collided in international waters. Both governments issued strong protests and gave different accounts of the incident.,The incident created a new point of military and diplomatic friction between two nuclear-armed neighbours.,Increasing,4 High,Reuters,News / Reuters
12/09/2026,India hosts BRICS Leaders' Summit amid geopolitical tensions,Geopolitical & Security,BRICS / Multilateral diplomacy,"New Delhi, India",Government of India; BRICS member states,India hosted the BRICS Leaders' Summit in New Delhi on September 12–13 amid tensions surrounding the U.S.-Israeli conflict with Iran and divisions among BRICS members over the regional crisis.,The summit placed India at the centre of multilateral discussions involving major emerging economies and competing positions on regional security and global economic issues.,Increasing,4 High,Reuters,News / Reuters
21/08/2026,India receives FDI proposals under revised land-border investment rules,Economic & Regulatory,Foreign direct investment / China,India,Government of India; foreign investors; investors from land-bordering countries,"India received 29 FDI proposals worth about $511.5 million under a revised policy allowing investors from countries sharing a land border with India to hold non-controlling stakes of up to 10% through the automatic route, subject to applicable conditions.","The policy affects foreign investment screening, supply-chain participation and India's approach to investment from neighbouring countries, including China.",Decreasing,1 Minimal,Reuters,News / Reuters
30/09/2026,RBI forward dollar liabilities reach record level,Economic & Regulatory,Monetary policy / Foreign exchange,India,Reserve Bank of India; Indian banks; foreign investors,The RBI's net forward dollar liabilities reached a record $200 billion in August after large dollar inflows following temporary policy measures. The RBI began using dollar-rupee swaps to manage the forward position and excess rupee liquidity.,"The development concerns India's foreign-exchange management, liquidity conditions, reserves and the central bank's response to large capital flows.",Increasing,4 High,Reuters,News / Reuters
30/09/2026,India reviews pre-shipment inspection rules for scrap-metal imports,Economic & Regulatory,Import regulation / Trade policy,India,DGFT; Material Recycling Association of India; Indian recyclers,The Directorate General of Foreign Trade said India had not decided whether to discontinue pre-shipment inspection requirements for imported metal scrap and was reviewing a proposal from recyclers to ease compliance requirements.,"The rules affect import compliance, recycling-sector supply chains, inspection requirements and the movement of recyclable metal into India.",Decreasing,1 Minimal,Reuters,News / Reuters
26/09/2026,Election Commission orders review of voter-roll software,Institutional & Policy,Election administration / Electoral rolls,India,Election Commission of India; election commissioners; political parties,The Election Commission ordered a review of its voter-roll software after a report raised questions about changes to voter lists. The Commission said a committee including an independent technology expert would examine whether the software complied with election laws and rules.,The review concerns the administration and verification of electoral rolls and the institutional processes used to maintain voter information.,Increasing,4 High,Reuters,News / Reuters
27/09/2026,Severe floods and landslides in northern India,Domestic Political Stability,Disaster management / Infrastructure / State capacity,Northern India / Uttar Pradesh,State governments; disaster-management authorities; local administrations,"Heavy rainfall caused flooding and landslides in northern India. In Uttar Pradesh, authorities reported 56 deaths, 46 injuries and damage to more than 1,000 houses. Rescue, relief and damage-assessment operations were underway.","Large-scale flooding can place pressure on public infrastructure, emergency-response systems, local administration and government relief capacity.",Increasing,4 High,Reuters,News / Reuters
29/09/2026,Tata Trusts propose restructuring of Tata Sons,Economic & Regulatory,Corporate governance / Financial regulation,India,Tata Trusts; Tata Sons; Reserve Bank of India,Tata Trusts proposed merging two group entities with Tata Sons in a restructuring that could affect the company's obligation to pursue a public listing under RBI rules. The proposal requires approval from Tata Sons and the RBI.,"The dispute involves corporate governance, financial regulation and the relationship between a major Indian business group and its regulators.",Stable,3 Moderate,Reuters,News / Reuters
24/09/2026,SEBI expands foreign investor access to commodity derivatives,Economic & Regulatory,Financial markets / Foreign investment,India,SEBI; foreign investors; portfolio managers,SEBI allowed foreign investors to participate in physically settled non-farm commodity contracts and allowed India-based portfolio managers to manage global assets and invest in overseas and to-be-listed securities.,"The changes affect foreign investor participation, financial-market liquidity and India's efforts to integrate its capital markets with global markets.",Stable,2 Low,Reuters,News / Reuters
09/09/2026,SEBI proposes changes to board rules for market institutions,Institutional & Policy,Financial regulation / Corporate governance,India,SEBI; stock exchanges; clearing corporations; depositories,"SEBI proposed easing eligibility restrictions for directors of stock exchanges and other market institutions and proposed clearer requirements for senior technology, cybersecurity, compliance and risk officials.",The proposals concern governance standards and institutional capacity in India's financial-market infrastructure.,Increasing,3 Moderate,Reuters,News / Reuters
29/09/2026,India proposes long-term steel capacity and raw-material strategy,Economic & Regulatory,Industrial policy / Strategic resources,India,Ministry of Steel; Indian steel producers; government,"India outlined a proposed 20-year steel policy targeting 600 million tonnes of steelmaking capacity by 2047, alongside plans to secure iron ore and coking coal supplies and reduce sector emissions.","The policy links industrial capacity, strategic raw-material security, trade exposure and India's long-term manufacturing strategy.",Increasing,4 High,Reuters,News / Reuters
23/09/2026,India raises concerns with US over Russia sanctions legislation,Geopolitical & Security,India-US relations / Russia sanctions / Foreign policy,India / United States,Government of India; S. Jaishankar; US State Department,India's Foreign Minister S. Jaishankar said he reiterated India's concerns to US Secretary of State Marco Rubio regarding proposed US legislation concerning sanctions on Russia and Iran.,The issue affects India's relations with the United States and its wider diplomatic and energy relationships involving Russia.,Increasing,4 High,Reuters,News / Reuters
30/09/2026,Rupee faces pressure from global oil and financial-market conditions,Economic & Regulatory,Currency / Inflation / External sector,India,Reserve Bank of India; foreign investors; Indian financial markets,"The Indian rupee declined during September and the July-September quarter amid high crude-oil prices and global bond-yield pressures, while RBI intervention helped limit the currency's decline.","Exchange-rate pressure can affect imported inflation, external balances, financial conditions and the central bank's policy choices.",Increasing,4 High,Reuters,News / Reuters
08/09/2026,India intensifies food-safety enforcement,Economic & Regulatory,Food regulation / Consumer protection,India,FSSAI; state food-safety authorities; food companies,"Indian food-safety authorities intensified enforcement against misleading labels, altered expiry dates and hygiene violations, while proposed front-of-pack warning labels faced industry and legal resistance.","The development concerns regulatory enforcement, consumer protection and the ability of regulators to oversee a rapidly changing food industry.",Increasing,3 Moderate,Reuters,News / Reuters
25/09/2026,Jammu and Kashmir Assembly debates restoration of statehood,Domestic Political Stability,Statehood / Regional governance,Jammu and Kashmir,Jammu and Kashmir Assembly; Omar Abdullah; BJP MLAs,"The Jammu and Kashmir Assembly passed a resolution calling for the restoration of full statehood, leading to disruption and protests by BJP legislators inside the Assembly.",The issue concerns relations between the Union government and the J&K administration and continuing political contestation over the region's governance structure.,Increasing,4 High,Indian Express,News / Indian Express
30/09/2026,India reviews foreign-exchange forward liabilities,Economic & Regulatory,Monetary policy / Foreign exchange,India,Reserve Bank of India; Indian banks; foreign investors,The RBI's net forward dollar liabilities reached a record $200 billion in August. The central bank began using dollar-rupee swaps while managing excess rupee liquidity and its foreign-exchange position.,"The development concerns India's foreign-exchange management, liquidity conditions, reserves and the RBI's response to large capital flows.",Increasing,4 High,Reuters,News / Reuters
